dataset_id,metric,value,originating_entity,source_publisher,source_type,source_tier,primary_source_url,secondary_corroboration_url,verification_status,publication_date,reporting_period,retrieval_datetime,last_verified_datetime,refresh_frequency,data_quality_rating,evidence_type,notes
DS001,Gross municipal arrear debt (year-end),R111.6 billion,Eskom Holdings SOC Ltd,Eskom Holdings SOC Ltd,Official press release,A2,https://www.eskom.co.za/eskom-reports-second-consecutive-profitable-year-as-turnaround-strategy-execution-strengthens-operational-recovery-energy-security-and-financial-sustainability/,,Verified,2026-08-31,FY2026 (year ended 2026-03-31),2026-09-03T00:00:00Z,2026-09-04T00:00:00Z,Annual (results announcement) / Interim,A1-equivalent (direct official press release),FACT_REPORTED,"Direct Eskom press release, not secondary reporting. YoY +17.9%/+R17bn also stated directly in this release."
DS002,Municipal arrear debt (post-year-end read),R119.9 billion,Eskom Holdings SOC Ltd,Eskom Holdings SOC Ltd,Official integrated report,A1,https://www.eskom.co.za/wp-content/uploads/2026/09/Eskom-integrated-report-August-2026.pdf,https://www.dailymaverick.co.za/article/2026-08-31-ramokgopa-sets-record-straight-on-eskom-turnaround-buying-board-time-for-reforms/,Verified directly in Eskom Integrated Report 2026; separate post-year-end observation,2026-08-31,As at 2026-06-30,2026-09-03T00:00:00Z,2026-09-09T06:44:20Z,Ad hoc,A-Primary direct official disclosure,FACT_REPORTED,"Eskom reports R111.6bn at 31 March 2026 and R119.9bn at June 2026. The June amount remains structurally isolated from the annual year-end arrears series."
DS003,Projected municipal arrears without intervention,R358 billion by FY2031,Eskom Holdings SOC Ltd,Eskom Holdings SOC Ltd,Official press release,A2,https://www.eskom.co.za/eskom-reports-second-consecutive-profitable-year-as-turnaround-strategy-execution-strengthens-operational-recovery-energy-security-and-financial-sustainability/,https://www.ecofinagency.com/news-finances/0109-58488-south-africas-eskom-confirms-recovery-with-second-straight-profitable-year,Verified against direct official release,2026-08-31,Forward projection from FY2026 base,2026-09-03T00:00:00Z,2026-09-04T00:00:00Z,Ad hoc (management projection),A2-Direct official management projection,SCENARIO_MANAGEMENT,"Eskom's official release states projections up to R358bn by FY2031. This remains a management projection and must never be treated as reported actual data."
DS004,Municipal debt written off under debt-relief programme (FY2026),R3.6 billion,Eskom Holdings SOC Ltd,Eskom Holdings SOC Ltd,Audited annual financial statements,A1,https://www.eskom.co.za/wp-content/uploads/2026/09/Eskom-annual-financial-statements-2026-August.pdf,https://techcentral.co.za/eskom-results-fy2026-profit-doubles/285533/,Verified directly in Eskom Annual Financial Statements 2026,2026-08-31,FY2026,2026-09-03T00:00:00Z,2026-09-09T06:44:20Z,Annual,A-Primary audited official disclosure,FACT_REPORTED,"The group wrote off R3.6bn in FY2026. The AFS separately states that a further R4.0bn was instructed for write-off in FY2027; the periods are not combined."
DS005,Redistributors share of Eskom electricity sales,44%,Eskom Holdings SOC Ltd,Eskom Holdings SOC Ltd,Official annual results presentation,A1,https://www.eskom.co.za/wp-content/uploads/2026/08/Eskom-results-presentation-2026.pdf,https://www.cnbcafrica.com/2026/south-africas-eskom-reports-second-consecutive-profitable-year,Verified directly in the FY2026 customer-category chart,2026-08-31,FY2026,2026-09-03T00:00:00Z,2026-09-09T06:44:20Z,Annual,A-Primary direct official disclosure,FACT_REPORTED,"The official category is Redistributors (metropolitan and other municipalities), not all municipal activity under an inferred broader definition. The source reports 44% of 178TWh FY2026 electricity sales."
DS006,Total electricity sales volume FY2026,178 TWh,Eskom Holdings SOC Ltd,Eskom Holdings SOC Ltd,Official press release,A2,https://www.eskom.co.za/eskom-reports-second-consecutive-profitable-year-as-turnaround-strategy-execution-strengthens-operational-recovery-energy-security-and-financial-sustainability/,https://www.riotimesonline.com/eskom-annual-profit-fy2026-falling-sales/,Verified,2026-08-31,FY2026 (vs FY2025 189.7 TWh),2026-09-03T00:00:00Z,2026-09-04T00:00:00Z,Annual,A1-equivalent (direct official press release),FACT_REPORTED,"Confirmed present in Eskom's own release. Only two comparable annual points held (Data Gap #4)."
DS007,Group revenue FY2026,R354.724 billion,Eskom Holdings SOC Ltd,Eskom Holdings SOC Ltd,Official annual results presentation,A1,https://www.eskom.co.za/wp-content/uploads/2026/08/Eskom-results-presentation-2026.pdf,https://www.dailymaverick.co.za/article/2026-08-31-ramokgopa-sets-record-straight-on-eskom-turnaround-buying-board-time-for-reforms/,Verified directly in the group income statement; units converted from R354724 million,2026-08-31,FY2026,2026-09-03T00:00:00Z,2026-09-09T06:44:20Z,Annual,A-Primary direct official disclosure,FACT_REPORTED,"This is consolidated group revenue for the year ended 31 March 2026, not an inferred electricity-only revenue subtotal. Rounded dashboard references may display R354.7bn."
DS008,NERSA average tariff increase FY2026 (direct customers 1 Apr 2025 / municipal 1 Jul 2025),12.74% (direct customers); 11.32% (municipal bulk purchases),National Energy Regulator of South Africa (NERSA),NERSA (official decision document),Official regulatory decision document,A1,https://www.nersa.org.za/file/5862,https://www.eskom.co.za/eskom-to-implement-nersa-approved-financial-year-2026-tariffs-removing-unintended-subsidies-and-introducing-simplified-and-transparent-tariffs-effective-1-april-2025/,Verified against primary regulator document,2025-03-11,FY2026 (2025/26),2026-09-04T00:00:00Z,2026-09-04T00:00:00Z,Annual (per MYPD determination cycle),A1-Primary regulatory document,FACT_REPORTED,"UPGRADED IN THIS PASS from B to A1: located NERSA's own Decision and Reasons for Decision document. CORRECTS Phase 1: municipal tariff increase is 11.32%, NOT the same 12.74% applied to direct customers -- Phase 1 blended these. A Pretoria High Court judgment (21 Dec 2025) later set aside NERSA's 9 Jun 2025 MYPD6 generation-RAB decision; redetermination issued 7 Feb 2026 affects FY2027/28, not this FY2026 baseline."
DS009,Net profit after tax FY2026,R30.3 billion,Eskom Holdings SOC Ltd,Eskom Holdings SOC Ltd,Official press release,A2,https://www.eskom.co.za/eskom-reports-second-consecutive-profitable-year-as-turnaround-strategy-execution-strengthens-operational-recovery-energy-security-and-financial-sustainability/,,Verified,2026-08-31,FY2026,2026-09-03T00:00:00Z,2026-09-04T00:00:00Z,Annual,A1-equivalent (direct official press release),FACT_REPORTED,"FY2025 restated comparator R14.0bn per same release."
DS010,Group net debt,R313.3 billion,Eskom Holdings SOC Ltd,Eskom Holdings SOC Ltd,Official integrated report,A1,https://www.eskom.co.za/wp-content/uploads/2026/09/Eskom-integrated-report-August-2026.pdf,https://techcentral.co.za/eskom-results-fy2026-profit-doubles/285533/,Verified directly as group net debt at year end,2026-08-31,As at 2026-03-31,2026-09-03T00:00:00Z,2026-09-09T06:44:20Z,Annual,A-Primary direct official disclosure,FACT_REPORTED,"The official integrated report identifies R313.3bn as group net debt. It is not interchangeable with gross debt securities and borrowings or the approximately R320bn post-year-end amount."
DS011,Billed revenue not recognised due to non-collectability,R15.8 billion,Eskom Holdings SOC Ltd,Eskom Holdings SOC Ltd,Official integrated report,A1,https://www.eskom.co.za/wp-content/uploads/2026/09/Eskom-integrated-report-August-2026.pdf,https://www.dailymaverick.co.za/article/2026-08-31-ramokgopa-sets-record-straight-on-eskom-turnaround-buying-board-time-for-reforms/,Verified directly in the FY2026 revenue-collection disclosure,2026-08-31,FY2026,2026-09-03T00:00:00Z,2026-09-09T06:44:20Z,Annual,A-Primary direct official disclosure,FACT_REPORTED,"The integrated report states that a net R15.8bn billed to municipal and residential customers was not recognised as revenue because collectability criteria were not met."
DS012,Energy Availability Factor (EAF),65.16% (up from 60.6%),Eskom Holdings SOC Ltd,Eskom Holdings SOC Ltd,Official press release,A2,https://www.eskom.co.za/eskom-reports-second-consecutive-profitable-year-as-turnaround-strategy-execution-strengthens-operational-recovery-energy-security-and-financial-sustainability/,https://www.riotimesonline.com/eskom-annual-profit-fy2026-falling-sales/,Verified against direct official release,2026-08-31,FY2026,2026-09-03T00:00:00Z,2026-09-04T00:00:00Z,Annual,A2-Direct official disclosure,FACT_REPORTED,"Official Eskom release states EAF improved from 60.6% to 65.16%."
DS013,Load shedding FY2026,4 days (26 hours reported by secondary source),Eskom Holdings SOC Ltd,Eskom Holdings SOC Ltd / The Citizen,Official report for day count; secondary reporting for duration,B,https://www.eskom.co.za/wp-content/uploads/2026/09/Eskom-performance-report-2026.pdf,https://www.citizen.co.za/business/eskoms-r30-3bn-profit-rebound-faces-new-risks-from-municipal-debt/,Four-day count verified in official report; 26-hour duration remains secondary-only,2026-08-31,FY2026,2026-09-03T00:00:00Z,2026-09-09T06:44:20Z,Annual,B-Mixed primary and secondary evidence,FACT_REPORTED,"Eskom's official performance report supports four load-shedding days during FY2026. The exact 26-hour duration was not located in the official suite, so the composite row remains tier B and the duration is qualified."
DS014,"Physical security crime-related incidents (overall, NOT coal-specific) -- count",Down 13% YoY,Eskom Holdings SOC Ltd,Eskom Holdings SOC Ltd,Official press release,A2,https://www.eskom.co.za/eskom-reports-second-consecutive-profitable-year-as-turnaround-strategy-execution-strengthens-operational-recovery-energy-security-and-financial-sustainability/,,Verified,2026-08-31,FY2026,2026-09-03T00:00:00Z,2026-09-04T00:00:00Z,Annual,A1-equivalent (direct official press release),FACT_REPORTED,"CRITICAL SCOPE NOTE (unchanged from Phase 1): aggregate across cable, coal, diesel/fuel-oil theft, illegal connections, meter tampering, ghost vending, vandalism, sabotage. NOT a coal-specific figure."
DS015,Estimated financial losses from physical-security crime (overall),R191 million (down 18% YoY),Eskom Holdings SOC Ltd,Eskom Holdings SOC Ltd,Official press release,A2,https://www.eskom.co.za/eskom-reports-second-consecutive-profitable-year-as-turnaround-strategy-execution-strengthens-operational-recovery-energy-security-and-financial-sustainability/,,Verified,2026-08-31,FY2026,2026-09-03T00:00:00Z,2026-09-04T00:00:00Z,Annual,A1-equivalent (direct official press release),FACT_REPORTED,"Same scope note as DS014. Own dataset ID per metric-level lineage requirement -- previously bundled with DS014/016/017/018 on one fact row."
DS016,Arrests related to physical-security crime (overall),505 (up 18% YoY),Eskom Holdings SOC Ltd,Eskom Holdings SOC Ltd,Official press release,A2,https://www.eskom.co.za/eskom-reports-second-consecutive-profitable-year-as-turnaround-strategy-execution-strengthens-operational-recovery-energy-security-and-financial-sustainability/,,Verified,2026-08-31,FY2026,2026-09-03T00:00:00Z,2026-09-04T00:00:00Z,Annual,A1-equivalent (direct official press release),FACT_REPORTED,"Same scope note as DS014. Distinct dataset ID from DS014/015/017/018."
DS017,Recoveries related to physical-security crime (overall),R34 million (up 38% YoY),Eskom Holdings SOC Ltd,Eskom Holdings SOC Ltd,Official press release,A2,https://www.eskom.co.za/eskom-reports-second-consecutive-profitable-year-as-turnaround-strategy-execution-strengthens-operational-recovery-energy-security-and-financial-sustainability/,,Verified,2026-08-31,FY2026,2026-09-03T00:00:00Z,2026-09-04T00:00:00Z,Annual,A1-equivalent (direct official press release),FACT_REPORTED,"Same scope note as DS014. Distinct dataset ID."
DS018,Convictions related to physical-security crime (overall),13 (FY2025 comparator: 13),Eskom Holdings SOC Ltd,Eskom Holdings SOC Ltd,Official press release,A2,https://www.eskom.co.za/eskom-reports-second-consecutive-profitable-year-as-turnaround-strategy-execution-strengthens-operational-recovery-energy-security-and-financial-sustainability/,,Verified,2026-08-31,FY2026,2026-09-03T00:00:00Z,2026-09-04T00:00:00Z,Annual,A1-equivalent (direct official press release),FACT_REPORTED,"Same scope note as DS014. Distinct dataset ID. Flat YoY."
DS019,Eskom specialist coal/fuel-crime investigator procurement (organisational response),Qualitative,Eskom Holdings SOC Ltd,Sunday Times,Secondary investigative reporting of a primary procurement action,B,,https://www.sundaytimes.timeslive.co.za/business/news/2026-08-29-eskom-seeks-spies-to-infiltrate-coal-and-diesel-gangs/,Single-source; not corroborated by a second outlet or an Eskom tender-portal listing,2026-08-29,As at Aug 2026,2026-09-03T00:00:00Z,2026-09-04T00:00:00Z,Ad hoc,C-Secondary investigative reporting single-sourced,INTERPRETATION_ONLY,"DOWNGRADED from Phase 1's B rating. Used ONLY as qualitative risk-taxonomy evidence -- never as provenance for any specific case. See DS026-DS028 for individually-sourced cases, correcting the Phase-1 error where this ID was wrongly reused for unrelated cases."
DS020,City of Johannesburg / City Power overdue electricity debt -- SETTLED,R5.255421994bn settled in full,Eskom Holdings SOC Ltd,Eskom Holdings SOC Ltd,Official press release,A2,https://www.eskom.co.za/city-of-johannesburg-settles-in-full-r5-25-billion-overdue-electricity-debt/,https://www.sabcnews.com/sabcnews/eskom-confirms-city-power-settles-r5-25bln-electricity-debt-in-full/,Verified,2026-08-21,Settlement effective 2026-08-21 (arrears accumulated prior to 2026-05-17 PAJA notice),2026-09-03T00:00:00Z,2026-09-04T00:00:00Z,Event-driven,A1-equivalent (direct official press release),FACT_REPORTED,"STATUS-CRITICAL RECORD. SETTLED as of 2026-08-21; PAJA process withdrawn. See docs/status_history_municipal_debt.csv."
DS021,City of Johannesburg current-account commitment (Jul 2026),R1.860379885bn due 2026-08-31,Eskom Holdings SOC Ltd,Eskom Holdings SOC Ltd,Official press release,A2,https://www.eskom.co.za/city-of-johannesburg-settles-in-full-r5-25-billion-overdue-electricity-debt/,,Unverified whether payment was actually made by due date,2026-08-21,July 2026 current account,2026-09-03T00:00:00Z,2026-09-04T00:00:00Z,Monthly (current account),A1-equivalent for the commitment itself; payment-completion status UNVERIFIED,FACT_REPORTED,"The reported fact is the forward-looking commitment disclosed at settlement time; actual payment completion is not claimed. No subsequent Eskom statement confirming payment was located."
DS022,"SALGA-reported municipal debt to Eskom and water boards (historical, PRE-FY2026)",Eskom: R25bn / Water boards: R14.9bn,South African Local Government Association (SALGA),Pressreader (archival republication of The Citizen KZN),Archival secondary source,C,,https://www.pressreader.com/south-africa/the-citizen-kzn/20191114/281638192029913,Not independently corroborated; archival only,2019-11-14,~2019,2026-09-03T00:00:00Z,2026-09-04T00:00:00Z,Historical / archival,C-Secondary historical,FACT_REPORTED,"HISTORICAL ONLY. Different measurement basis/vintage than DS001 -- never blended into one trend line without a break marker."
DS023,Municipal debt-relief programme conditions,"Key conditions: revenue collection rate >=85%, cost-reflective tariffs, restricted free basic services to indigent households, 30-day payment terms with capped interest after day 31, stay of legal proceedings on successful application; non-compliance risks termination/repayment/MTREF grant exclusion",National Treasury,National Treasury (MFMA Circular No. 124; May 2025 Budget Review Annexure A),Official government circular / budget document,A1,https://www.treasury.gov.za/comm_media/press/2023/20230510301%20MFMA%20Circular%20No.%20124%20-%20Municipal%20Debt%20Relief.pdf,https://www.treasury.gov.za/documents/National%20Budget/2025May/review/Annexure%20A.pdf,Verified against primary Treasury documents,2023-05-10,"Programme conditions per MFMA Circular 124 (2023), reaffirmed May 2025 Budget Review",2026-09-04T00:00:00Z,2026-09-04T00:00:00Z,As amended,A1-Primary government document,FACT_REPORTED,"UPGRADED IN THIS PASS from B to A1: located and read National Treasury's own MFMA Circular 124 and May 2025 Budget Review Annexure A stating actual compliance conditions. Substantially improves on Phase 1, which only asserted qualitatively that 'some municipalities have not signed' without sourcing the conditions."
DS024A,Eskom capital expenditure FY2026,R45 billion,Eskom Holdings SOC Ltd,Eskom Holdings SOC Ltd,Official press release,A2,https://www.eskom.co.za/eskom-reports-second-consecutive-profitable-year-as-turnaround-strategy-execution-strengthens-operational-recovery-energy-security-and-financial-sustainability/,https://www.ecofinagency.com/news-finances/0109-58488-south-africas-eskom-confirms-recovery-with-second-straight-profitable-year,Verified against direct official release,2026-08-31,FY2026 actual,2026-09-03T00:00:00Z,2026-09-04T00:00:00Z,Annual,A2-Direct official disclosure,FACT_REPORTED,"Split from mixed DS024 so the reported FY2026 actual is not conflated with forward guidance."
DS024B,Eskom capital expenditure guidance,More than R70bn annually from FY2029; R343bn over five years,Eskom Holdings SOC Ltd,Eskom Holdings SOC Ltd,Official press release,A2,https://www.eskom.co.za/eskom-reports-second-consecutive-profitable-year-as-turnaround-strategy-execution-strengthens-operational-recovery-energy-security-and-financial-sustainability/,https://www.ecofinagency.com/news-finances/0109-58488-south-africas-eskom-confirms-recovery-with-second-straight-profitable-year,Verified against direct official release,2026-08-31,Forward investment programme,2026-09-03T00:00:00Z,2026-09-04T00:00:00Z,Annual,A2-Direct official management guidance,SCENARIO_MANAGEMENT,"Split from mixed DS024. These are forward plans and remain excluded from actuals and the report-wide freshness calculation."
DS025,Temporary electricity price relief for ferrochrome smelters,87.74c/kWh for Samancor Chrome and Glencore-Merafe smelters for 12 months,Eskom Holdings SOC Ltd / NERSA,National Energy Regulator of South Africa,Official regulator decision,A1,https://www.nersa.org.za/files/files/2026/01/MediaStatement-NERSAapproveselectricitypricerelieffortheferrochromesmelters.pdf,https://www.riotimesonline.com/eskom-annual-profit-fy2026-falling-sales/,Verified directly in NERSA's 30 January 2026 media statement,2026-01-30,Effective 2026-01-01 to 2026-12-31,2026-09-03T00:00:00Z,2026-09-09T06:44:20Z,Ad hoc,A-Primary regulator decision,FACT_REPORTED,"Corrected an unsupported secondary claim of 62c/kWh from June 2026. NERSA states 87.74c/kWh, reduced from 135.82c/kWh, for the specified 12-month period. This is an existing intervention, not this project's recommendation."
DS026,Camden Power Station heavy-fuel-oil theft case -- four Eskom employees and a contractor security guard arrested,30610kg truck intercepted at weighbridge; driver fled scene,Eskom Holdings SOC Ltd,Eskom Holdings SOC Ltd,Official press release,A2,https://www.eskom.co.za/four-eskom-employees-and-a-contractor-security-guard-arrested-for-theft-of-heavy-fuel-oil-at-camden-power-station/,,Verified,2024-08-21,"Event date 2024-08-21 (predates FY2026 reporting window -- historical case example, not part of FY2026 KPI counts)",2026-09-04T00:00:00Z,2026-09-04T00:00:00Z,Event-driven,A1-equivalent (direct official press release),FACT_REPORTED,"NEW dataset ID created in this pass to correct Phase-1 provenance error (was incorrectly attributed to DS019). This is a fuel-oil case, not coal -- do not use as a coal-theft example without noting the actual incident type."
DS027,Tutuka Power Station dome-valve theft case -- Eskom supplier and brother arrested,16 dome valves valued at R173000; investigation dated back to 2023,Eskom Holdings SOC Ltd,Eskom Holdings SOC Ltd,Official media statement,A1,https://www.eskom.co.za/eskoms-collaboration-with-law-enforcement-continues-to-yield-positive-results-leading-to-multiple-arrests/,https://www.engineeringnews.co.za/article/eskom-reports-successes-in-collaboration-with-law-enforcement-2025-03-05,Verified directly in Eskom's 4 March 2025 statement,2025-03-04,Event reported 2025-03-04; underlying investigation dated to 2023,2026-09-04T00:00:00Z,2026-09-09T06:44:20Z,Event-driven,A-Primary direct official disclosure,FACT_REPORTED,"The Eskom statement reports the 20 February 2025 arrests and R173000 value. This remains a valve-theft case, not a coal-specific incident."
DS028,NATJOINTS-coordinated arrests -- aggregate financial impact of a cluster of cases,R1.09 million total financial impact; R873000 recovered; one sentencing executed,Eskom Holdings SOC Ltd / SAPS (NATJOINTS Energy Safety and Security Priority Committee),SAnews (South African Government News Agency),Official government news agency reporting an Eskom/NATJOINTS statement,A2,https://www.sanews.gov.za/south-africa/criminality-will-be-dealt-decisively-eskom,,Verified via official government news agency,2025-03-05,As at March 2025,2026-09-04T00:00:00Z,2026-09-04T00:00:00Z,Ad hoc,A1-equivalent (government news agency reporting an official statement verbatim),FACT_REPORTED,"NEW dataset ID created in this pass to correct Phase-1 provenance error (was incorrectly attributed to DS019) AND to correct the Phase-1 modelling error of storing this as a single case-log row with legal_status='Mixed (Arrest+Conviction...)'. Properly a METRIC-LEVEL aggregate observation, not a single case -- moved to fact_security_metric, not fact_security_case. Explicitly NOT coal-theft-specific; spans multiple unrelated case types per the same article."
DS029,Municipal arrears growth per Eskom CFO testimony to Parliament,"Approx. R74 billion (Mar 2024) to approx. R95 billion (Mar 2025); R20 billion increase Eskom could not recover",Eskom Holdings SOC Ltd (CFO Calib Cassim),Parliamentary Monitoring Group (PMG) -- official committee-meeting minutes,Official parliamentary committee record,A1,https://pmg.org.za/committee-meeting/40936/,,Verified; rounded testimony corroborates the official Eskom annual series,2026-07-01,FY2024 (Mar 2024) and FY2025 (Mar 2025),2026-09-04T00:00:00Z,2026-09-08T00:00:00Z,Ad hoc (committee briefing),A1-Primary parliamentary record,FACT_REPORTED,"Rounded testimony is consistent with Eskom's exact FY2024 R74.4bn and FY2025 R94.6bn values in DS038. It is corroboration, not a conflicting alternate series."
DS030,Provincial concentration of municipal arrears to Eskom,"Mpumalanga R30.5 billion (highest); Free State R29.1 billion (second-highest)",Eskom Holdings SOC Ltd (self-reported per article),Engineering News (Creamer Media),Secondary reporting citing Eskom-reported figures,B,,https://www.engineeringnews.co.za/article/sa-municipal-debt-is-dominated-by-one-creditor-eskom-2026-07-17,Single-source; not yet corroborated by a second outlet or a primary Eskom/Treasury provincial table,2026-07-17,As at ~mid-2026 (exact reporting date not stated in source),2026-09-04T00:00:00Z,2026-09-04T00:00:00Z,Ad hoc,B-Secondary single-sourced,FACT_REPORTED,"NEW in this pass. Partially closes Data Gap #1 at PROVINCIAL grain only (not full municipality-level ranking -- no individual municipality amounts below province level were located). The article's headline total (R110.5bn 'Eskom said it was owed') is close to but not identical to DS001's R111.6bn FY2026 year-end figure -- likely a slightly different as-of date, not treated as a discrepancy requiring resolution given the proximity, but noted."
DS031,Secondary municipal-debt narrative containing a scope conflation,"R55.3 billion described alongside later total-arrears values",National Treasury,ESI-Africa / joburgetc.com,Secondary reporting,B,,https://www.esi-africa.com/news/eskom-municipalities-energy-debt-pact-deepens/,Superseded for analytical use after reconciliation to primary Eskom and Treasury documents,2026-02-17,Historical narrative,2026-09-04T00:00:00Z,2026-09-08T00:00:00Z,Ad hoc,D-Superseded secondary interpretation,INTERPRETATION_ONLY,"Do not use this row as an annual arrears series. Primary Treasury evidence in DS039 establishes R55.3bn as approved legacy debt in the Municipal Debt Relief Programme; primary Eskom evidence in DS038 establishes FY2024 total arrears of R74.4bn."
DS032,Section 41 MFMA municipal arrears figure and debt-relief programme compliance,"Total municipal arrears to Eskom ~R105 billion (per s41 MFMA reporting); 15 of 71 debt-relief participant municipalities meeting qualifying criteria for interest/penalty relief",National Treasury,Parliamentary Monitoring Group (PMG) -- official Questions to Ministers record,Official parliamentary record,A1,https://pmg.org.za/question_replies/4/?filter%5Bminister%5D=5,,Verified against primary PMG record,2026-07-01,As at date of parliamentary question response (exact date not individually captured from this listing page),2026-09-04T00:00:00Z,2026-09-04T00:00:00Z,Ad hoc,A1-Primary parliamentary record,FACT_REPORTED,"NEW in this pass. Corroborates the ~R105bn September-2025-ish figure in DS031 from an independent, higher-tier (A1) source. The '15 of 71 compliant' figure corroborates ESI-Africa's '15 have generally maintained payments' claim in DS031's underlying reporting."
DS033,Debt-relief programme non-compliance and termination process,61 of 71 Municipal Debt Relief Programme participants found consistently non-compliant; National Treasury in process of terminating persistent defaulters from the programme,"National Treasury (Minister Godongwana, responding to Parliamentary question from MK MP Thulani Gamede)",MyBroadband (reporting Parliamentary Q&A),Secondary reporting of a primary parliamentary answer,B,,https://mybroadband.co.za/news/energy/649937-bad-news-for-61-cities-and-towns-in-south-africa-that-keep-breaking-eskom-debt-relief-conditions.html,Not yet cross-verified against the primary PMG question-reply record for this specific question,2026-05-27,As at Q2 2026 parliamentary session,2026-09-04T00:00:00Z,2026-09-04T00:00:00Z,Ad hoc,B-Secondary reporting of primary parliamentary answer,FACT_REPORTED,"NEW in this pass. Materially updates the debt-relief compliance picture: only ~14% (10 of 71) of participants are NOT flagged non-compliant, a considerably more adverse compliance picture than Phase 1's vague 'several municipalities have not signed' framing (DS023 notes)."
DS034,Estimated surplus generation capacity,2 GW to 3 GW,Eskom Holdings SOC Ltd,Eskom Holdings SOC Ltd,Official press release,A2,https://www.eskom.co.za/eskom-reports-second-consecutive-profitable-year-as-turnaround-strategy-execution-strengthens-operational-recovery-energy-security-and-financial-sustainability/,,Verified against direct official release,2026-08-31,FY2026 results outlook,2026-09-04T00:00:00Z,2026-09-04T00:00:00Z,Ad hoc,A2-Direct official estimate,FACT_REPORTED,"Eskom describes this as estimated surplus capacity. It is a management estimate, not a metered instantaneous surplus and not a project-generated calculation."
DS035,MYPD6 approved revenue path and estimated average price impact,"Original FY2025/26 12.74%; estimated final FY2026/27 8.76%; estimated final FY2027/28 8.83%",National Energy Regulator of South Africa,National Energy Regulator of South Africa,Official regulator media statement,A2,https://www.nersa.org.za/files/files/2025/08/Mediastatement-NERSAandEskomsettlementontheSixthMulti-YearPriceDeterminationRevenuedecision.pdf,,Verified against direct NERSA statement,2025-08-27,FY2025/26 to FY2027/28,2026-09-04T00:00:00Z,2026-09-04T00:00:00Z,Decision-cycle,A2-Direct regulator statement,FACT_REPORTED,"NERSA describes 8.76% and 8.83% as estimated final price impacts following the R54bn settlement; figures remain subject to RCA adjustment. This source establishes the average revenue/price path, not each customer-category tariff."
DS036,FY2026/27 implemented tariff adjustments,"8.76% average for direct Eskom customers from 1 Apr 2026; 9.01% average for municipal bulk purchases from 1 Jul 2026",Eskom Holdings SOC Ltd,Eskom Holdings SOC Ltd,Official implementation notice,A2,https://www.eskom.co.za/eskom-implements-nersa-decision-for-financial-year-2027/,,Verified against direct Eskom implementation notice,2026-03-16,FY2026/27,2026-09-04T00:00:00Z,2026-09-04T00:00:00Z,Annual tariff cycle,A2-Direct official implementation notice,FACT_REPORTED,"These are implemented average increases; individual tariffs vary by category and structural adjustment."
DS037,FY2027/28 retail tariff structural adjustment consultation,"Detailed ERTSA structure open for comment; 8.83% average price path established separately by DS035",National Energy Regulator of South Africa,National Energy Regulator of South Africa,Official regulator consultation document,A1,https://www.nersa.org.za/file/9479/Invitationtocomment-ConsultationPaperonEskomRetailTariffStructuralAdjustmentERTSAforthe2027-28FinancialYear.pdf,https://www.nersa.org.za/,Verified from NERSA's official dated consultation listing and linked document,2026-09-02,FY2027/28 consultation,2026-09-04T00:00:00Z,2026-09-08T00:00:00Z,Regulatory consultation,A1-Primary regulatory consultation,FACT_REPORTED,"This source establishes that the detailed retail structure and customer-category allocation were under consultation. DS035 establishes the 8.83% average revenue/price path. Do not describe 8.83% as every customer's final tariff."
DS038,Annual municipal and metro arrear debt series,"FY2015-FY2026: R5.0bn; R6.0bn; R9.4bn; R13.6bn; R19.9bn; R28.0bn; R35.3bn; R44.8bn; R58.5bn; R74.4bn; R94.6bn; R111.6bn",Eskom Holdings SOC Ltd,Eskom Holdings SOC Ltd,Official State of the System Winter Outlook presentation,A1,https://www.eskom.co.za/wp-content/uploads/2026/04/State-of-the-System-%E2%80%93-Winter-Outlook-Briefing-2026.pdf,https://www.eskom.co.za/media-room/presentations/,Verified directly from Eskom chart,2026-04-22,FY2015 through FY2026 year-end,2026-09-08T00:00:00Z,2026-09-08T00:00:00Z,Annual,A1-Primary official presentation,FACT_REPORTED,"Canonical annual series for municipal and metro arrear debt. FY2024 is R74.4bn; FY2025 is R94.6bn; FY2026 is R111.6bn. June 2026 in-year debt and FY2031 management scenario remain separate datasets."
DS039,Municipal Debt Relief Programme approved legacy debt,"71 applications approved totalling R55.3 billion; submissions covered R56.8bn of R58.5bn owed at 31 March 2023",National Treasury,National Treasury,Official annual report,A1,https://www.treasury.gov.za/publications/annual%20reports/national%20treasury/National%20Treasury%20Annual%20Report%202023-2024.pdf,https://www.treasury.gov.za/publications/annual%20reports/national%20treasury/default.aspx,Verified directly from National Treasury annual report,2024-10-02,Programme approvals based on municipal debt at 2023-03-31,2026-09-08T00:00:00Z,2026-09-08T00:00:00Z,Annual,A1-Primary government report,FACT_REPORTED,"R55.3bn is the approved legacy-debt scope of the Municipal Debt Relief Programme. It is not Eskom's FY2024 total municipal arrears; the latter is R74.4bn in DS038."
